ram,battery_power,px_width,px_height,mobile_wt,int_memory,price_range
2549,842,756,20,188,7,1
2631,1021,1988,905,136,53,2
2603,563,1716,1263,145,41,2
2769,615,1786,1216,131,10,2
1411,1821,1212,1208,141,44,1
1067,1859,1654,1004,164,22,1
3220,1821,1018,381,139,10,3
700,1954,1149,512,187,24,0
1099,1445,836,386,174,53,0
513,509,1224,1137,93,9,0
3946,769,874,248,182,9,3
3826,1520,1005,151,177,33,3
1482,1815,748,607,159,33,1
2680,803,1440,344,198,17,2
373,1866,563,356,185,52,0
568,775,1864,862,159,46,0
3554,838,1850,984,196,13,3
3752,595,810,441,121,23,3
1835,1131,878,658,101,49,1
2337,682,1064,902,121,19,1
2819,772,1854,1314,81,39,3
3283,1709,1385,974,156,13,3
1433,1949,822,407,199,47,1
1037,1602,788,466,114,38,0
2583,503,1245,201,111,8,1
2782,961,1434,291,114,57,2
3763,519,645,550,132,51,3
3286,956,1075,511,143,41,3
2373,1453,1311,187,96,52,2
478,851,1263,1171,200,21,0
3532,1579,1739,1358,88,5,3
508,1568,654,413,150,33,0
2227,1319,1152,85,107,41,1
3845,1310,1919,178,100,51,3
1262,644,881,311,157,22,0
1326,725,1249,1134,160,60,1
2113,589,815,429,160,61,1
3429,1725,1307,609,119,6,3
3169,790,730,347,87,11,2
2150,560,1613,1448,159,50,2
2484,1347,967,434,132,44,2
3339,1646,1932,1725,185,41,3
1878,1253,714,685,152,5,1
1629,1656,1456,880,166,34,1
504,1195,1652,1580,110,20,0
1152,1514,1810,186,118,27,1
3587,1723,1791,202,164,42,3
2296,1054,774,27,196,40,1
1270,578,1433,1025,162,57,0
3238,596,1854,885,111,64,3
2059,1547,1832,1042,198,14,2
2053,1760,1383,1382,127,63,2
3112,1654,629,546,109,43,3
1440,1457,1287,1013,102,16,1
2908,1073,804,690,145,51,2
2552,1936,1036,667,104,46,2
905,823,1449,822,148,60,0
3963,987,820,581,107,61,3
2056,1757,713,265,180,49,1
2910,1063,683,127,128,48,2
1457,1484,969,916,134,12,1
431,799,975,361,144,63,0
470,1156,547,322,159,50,0
2148,1720,1353,753,168,55,2
2955,702,1570,504,141,9,2
3366,616,1618,651,81,44,3
3068,1358,1858,1565,155,36,3
3834,1866,1781,108,182,30,3
1050,1242,1225,459,165,10,0
3993,1166,603,205,80,43,3
3378,1448,1724,570,138,45,3
2192,1407,1217,1172,104,22,2
392,605,1026,160,142,9,0
3709,1038,638,4,141,43,3
590,797,1413,763,90,38,0
1814,819,1242,339,188,42,1
907,1114,1071,1040,197,9,0
1449,1234,778,166,172,33,0
3448,1199,1552,1168,116,16,3
1837,1103,1486,990,111,29,1
3464,1589,1206,319,85,58,3
2593,999,1616,1397,199,64,2
3484,1510,1752,708,180,45,3
2009,1008,1122,1077,114,61,1
2048,1127,1049,928,163,57,1
837,1412,1894,516,96,25,1
854,1496,741,96,182,42,0
3210,1083,1118,1025,178,64,3
2746,668,1203,666,155,3,2
2334,1309,1402,557,100,33,2
2822,1724,1924,1605,177,57,3
1971,1977,1242,1226,171,54,2
1410,885,802,769,103,15,0
349,879,1105,403,83,14,0
1418,1322,1990,177,140,7,1
3616,1137,1179,942,196,7,3
880,1355,891,651,132,23,0
1601,1665,1684,1572,194,60,2
1412,657,961,476,141,37,0
1692,593,1317,1233,156,31,1
2600,1883,1739,836,146,10,3
1308,1732,881,824,119,12,1
2413,543,984,391,192,57,1
1047,1939,520,320,199,55,0
1204,553,902,325,121,8,0
1799,832,1504,125,103,39,1
2676,1661,1634,846,172,23,3
2597,1657,1796,1770,198,42,3
3029,1135,1846,293,83,46,3
2343,1775,1869,1633,163,41,3
2016,783,1471,1198,106,43,1
2213,617,874,768,199,32,1
790,867,1974,70,135,4,0
3182,1310,513,117,194,7,2
3472,1804,1244,1158,153,22,3
2871,1900,1661,1055,89,18,3
3187,909,973,635,82,53,2
1945,1084,771,322,107,40,1
488,1308,989,275,199,46,0
1214,1778,1954,1445,102,15,1
2598,1701,1338,550,194,10,2
3242,772,1712,1242,80,10,3
3534,825,863,597,130,52,3
3426,1379,1376,538,200,36,3
2488,1166,1203,59,198,25,2
3255,1659,902,819,89,16,3
2863,826,786,179,88,58,2
1496,1564,1965,1259,189,25,1
3801,1957,1732,396,181,31,3
666,1571,1398,713,100,19,0
3799,1414,829,262,99,54,3
1366,1790,792,622,184,2,1
2962,645,580,327,197,41,2
2399,668,1056,522,195,30,1
2338,1652,1264,313,89,36,2
2700,1213,1248,226,108,16,2
2235,1272,669,605,133,22,1
3825,866,1686,692,179,46,3
284,536,1539,1386,182,3,0
1427,523,1042,304,155,14,0
1324,1753,1926,1590,134,31,2
398,1218,616,229,147,14,0
3685,1537,1131,839,137,43,3
2390,786,1697,507,141,33,2
278,1678,536,436,134,64,0
3556,1814,786,756,141,9,3
2196,1101,1269,387,148,31,1
3799,1461,1298,1265,141,40,3
2268,1216,1967,1852,199,47,2
2965,506,1025,875,159,41,2
2341,843,800,140,147,56,1
3557,742,1359,577,190,56,3
1354,1692,1996,975,176,61,1
2147,1485,1013,510,84,32,2
505,1547,590,583,166,45,0
1394,1692,1925,674,139,46,1
374,637,1989,1125,97,60,0
506,1224,826,747,109,6,0
3702,1356,1983,1612,198,29,3
1078,1840,1545,311,142,34,1
2945,1481,1533,116,96,37,2
2981,961,621,554,152,51,2
490,1296,1272,811,124,14,0
536,1193,1729,730,166,26,0
2317,1441,1071,577,118,3,2
3704,517,974,660,183,33,3
2126,748,1554,450,150,27,1
2050,1126,1611,1223,160,10,2
2462,1572,1937,1109,157,58,3
1260,1569,1942,45,110,44,1
3770,1270,845,299,101,32,3
1886,1854,627,506,101,8,1
3323,625,842,635,183,10,2
2060,1577,1737,1045,197,42,2
3926,534,1199,393,189,16,3
2177,946,1740,650,143,25,2
728,685,648,433,93,29,0
2478,1949,1136,839,101,23,3
2842,947,1220,1176,197,22,2
1617,801,879,650,165,63,1
1472,703,1065,218,113,30,0
764,1165,831,564,178,41,0
2337,1082,1191,986,198,38,2
3965,959,1631,561,84,20,3
3693,1502,588,65,138,54,3
797,1380,500,420,92,4,0
1687,1266,1698,1365,95,5,2
2940,1934,1299,619,103,46,3
1545,1905,898,849,151,6,1
3834,1831,1381,611,150,43,3
2505,596,984,953,165,46,1
2243,1562,1533,642,190,7,2
3600,1490,1464,1417,150,64,3
3971,1523,539,247,117,57,3
2844,640,1179,710,163,20,2
2227,1526,751,718,117,23,2
1665,1989,1497,1100,94,41,2
3355,1308,1215,59,106,61,3
1866,609,1948,938,93,26,1
1287,1905,1542,825,119,36,1
1046,1703,1235,286,192,22,0
1441,1445,1345,1273,173,20,1
690,1087,589,295,166,16,0
2504,671,1182,852,105,30,2
2677,1472,1052,710,168,61,2
2243,765,1429,1277,115,47,2
2984,1642,873,129,171,8,2
1362,1265,836,690,182,49,1
3629,664,1478,701,110,51,3
3559,1277,1460,309,142,35,3
2571,1395,705,213,111,23,2
2107,1539,1666,1112,159,41,2
1022,1049,1077,199,135,63,0
2844,1827,1020,55,128,39,2
711,903,1235,1230,91,50,0
3117,1987,1516,1052,181,53,3
978,1154,1499,541,181,49,0
1869,1336,583,55,194,17,1
1179,1886,1958,809,112,24,1
3844,1551,1995,1738,88,51,3
593,850,642,404,133,29,0
588,660,1178,262,111,40,0
3836,1225,1404,759,116,13,3
2669,1452,1040,42,123,25,2
2958,1686,1453,397,166,38,3
3031,1634,1677,964,200,17,3
3388,1708,517,233,109,49,3
2377,1151,1560,1022,128,31,2
2458,1578,1226,411,138,37,2
2766,1689,1200,954,127,24,3
3054,1488,1647,1528,112,39,3
3791,1313,1308,416,105,9,3
625,1715,1615,638,83,31,0
2227,1442,687,231,192,27,1
3256,528,637,574,142,6,2
707,1523,1606,148,129,11,0
1457,1133,1543,730,199,42,1
3755,1718,980,564,183,6,3
1733,1330,1441,1290,183,38,1
720,1799,1383,632,107,49,0
3560,633,1009,529,139,49,2
2311,724,1754,1273,187,44,2
3846,822,860,667,157,51,3
1717,1918,1543,1170,110,10,2
3704,1891,1108,169,129,37,3
3800,1373,673,105,127,50,3
278,862,1758,793,165,23,0
1767,1273,886,490,99,48,1
1846,957,1485,1201,107,7,1
829,1617,1038,246,105,30,0
2986,893,946,417,183,55,2
2394,1210,1462,1177,93,63,2
2169,708,654,78,195,63,1
1181,835,1604,323,101,7,0
575,1450,1882,707,131,19,0
2977,973,1816,457,190,57,2
532,601,765,356,154,4,0
1702,507,1398,936,141,32,1
1074,564,1980,912,168,51,0
3352,1559,1559,179,162,6,3
1027,754,1928,1914,178,59,1
2039,728,1529,526,88,25,1
461,1431,952,156,191,56,0
527,767,1517,344,175,28,0
3271,1722,1741,865,177,18,3
606,1992,1596,1552,100,57,1
2513,1876,1564,546,86,40,3
1675,1054,1222,1097,136,38,1
2698,1283,692,372,93,47,2
1129,1281,1617,1285,148,28,1
468,1066,1571,1242,114,7,0
1210,730,1247,302,89,4,0
3086,1053,1767,594,103,45,3
1595,1611,714,303,98,3,1
2332,793,1935,1858,133,30,2
2589,1220,1933,403,125,62,2
3760,1662,1509,32,126,61,3
1851,1281,954,590,144,8,1
417,538,662,235,177,2,0
294,823,888,630,187,39,0
3576,1733,527,357,119,36,3
3945,1429,820,246,100,40,3
927,1839,1493,475,200,54,1
2044,659,1929,1054,110,6,1
2334,1953,764,555,158,56,2
1477,1172,1092,607,164,27,1
3161,612,1891,1360,102,16,3
3660,1563,1699,142,170,24,3
1604,1191,683,681,84,26,1
2211,615,1664,104,163,42,1
3822,1893,763,637,134,63,3
3922,1563,572,410,151,16,3
1203,1995,1963,1830,139,9,2
2822,1517,1489,802,143,48,3
447,832,1294,311,108,34,0
1652,1162,997,56,114,56,1
3608,1595,655,344,121,12,3
1228,1329,1458,1053,181,52,1
666,928,1243,221,80,56,0
1499,1656,519,506,105,38,1
3321,1937,1767,1728,189,58,3
1206,977,566,63,181,57,0
952,768,515,418,113,56,0
3927,1464,1168,854,117,12,3
311,1177,882,178,191,29,0
955,1348,1942,1869,98,52,1
1109,1956,776,185,87,37,1
2969,1751,564,170,178,8,2
725,1530,1975,454,177,42,0
1655,1997,1212,866,185,40,2
3490,1414,1118,44,180,44,3
1774,1707,1388,1331,80,41,2
3615,894,1462,1285,199,50,3
714,645,1130,741,184,41,0
2768,1163,754,520,155,49,2
3739,1126,1726,114,165,49,3
610,1648,1876,1153,170,64,1
715,1170,709,474,199,14,0
663,508,557,39,94,42,0
1725,1097,1914,419,161,64,1
834,728,775,584,101,5,0
3865,1980,1910,312,177,29,3
3059,1504,1923,19,182,64,3
651,1379,1370,207,83,63,0
796,1698,994,363,160,18,0
785,920,1078,209,115,25,0
3252,1144,724,159,189,21,2
1322,1995,1104,649,129,26,1
2832,1430,1182,1132,183,27,2
1615,972,1795,1392,193,13,1
2125,662,1224,1001,138,20,1
990,1867,1442,712,191,9,1
1595,1730,1023,418,143,20,1
1213,1723,1361,384,126,7,1
2500,1882,652,119,140,47,2
2801,803,935,627,106,18,2
3451,580,1345,1086,91,47,3
1201,668,1292,195,114,48,0
3139,1391,1256,14,182,36,2
1938,1560,1364,745,169,22,2
3185,821,1786,253,109,54,2
2111,811,1429,333,106,2,1
2369,1989,682,629,193,17,2
3625,1034,1199,707,120,37,3
1051,618,1688,1314,86,6,0
1036,654,1898,1715,196,52,1
2938,576,1438,513,184,10,2
2855,667,1463,13,185,3,2
2727,869,1584,1243,118,57,2
2973,635,1059,300,149,42,2
2581,609,1253,58,117,44,1
2690,1557,1442,1107,123,2,3
916,1604,939,134,191,33,0
2563,1182,986,275,138,8,2
3359,848,1029,176,148,19,2
941,1610,1280,1236,181,64,1
2280,1828,898,336,199,17,2
827,880,1381,1116,194,50,0
473,1394,1565,1010,175,62,0
3865,1960,1299,205,86,61,3
1274,809,1726,1453,91,21,1
364,899,1331,788,172,57,0
3699,1976,1922,1301,171,32,3
2927,879,1038,463,187,21,2
1470,916,992,188,195,36,0
1050,763,1186,1028,92,2,0
2616,508,1920,1419,162,9,2
2915,825,1866,1471,99,34,3
2686,1864,981,168,178,46,2
1243,1725,1195,1125,185,52,1
3264,1108,1706,130,183,52,3
2261,1011,749,481,131,36,1
2993,1703,1711,1411,138,55,3
706,1067,681,79,135,58,0
2542,1334,1974,1187,115,42,3
2523,775,1510,561,189,30,2
336,1899,814,96,151,26,0
2457,930,1025,77,97,14,1
418,1058,1247,493,166,19,0
3917,1187,1814,1173,145,46,3
1246,1874,1233,964,166,8,1
2971,1482,642,634,142,48,2
2324,1809,721,639,174,59,2
3121,864,1670,127,187,54,2
3801,625,550,431,191,33,2
3333,1880,699,71,138,18,3
3475,1138,1138,111,187,44,3
2360,560,1903,356,146,23,1
2895,1117,817,798,144,12,2
3652,1712,1126,747,137,63,3
3097,1836,1139,408,134,26,3
2101,1036,926,373,119,39,1
3918,1860,1506,1362,162,23,3
3869,1375,726,475,145,9,3
732,1945,1753,743,195,57,1
3684,1896,794,447,141,7,3
3969,788,1161,42,91,57,3
1414,880,1350,30,173,33,0
1892,1323,619,162,131,28,1
3131,1868,660,347,169,42,3
2532,1266,1468,346,184,7,2
3215,1042,1705,727,93,50,3
3323,1479,1476,180,156,19,3
1529,1476,1666,1641,171,55,2
2403,1552,1026,269,123,13,2
3419,1454,1033,250,83,34,3
3648,1007,1529,1186,95,45,3
1974,652,559,77,173,17,0
2806,1504,973,507,142,34,2
2239,1726,1223,379,193,51,2
582,1029,956,264,171,5,0
3890,1582,1797,1486,112,44,3
1141,1478,882,694,99,48,1
2511,1178,596,579,101,49,2
3838,707,574,495,131,25,3
2734,755,990,315,186,51,2
2330,912,1053,329,161,54,1
2244,651,858,548,176,63,1
1851,1483,758,531,176,54,1
808,914,1495,191,100,4,0
1587,1456,1104,823,105,7,1
2492,1178,1352,96,84,57,2
2122,1503,1304,841,166,43,2
1122,1681,1205,195,158,11,0
3709,715,562,21,160,48,2
3021,1876,585,235,182,56,2
624,1190,1441,1417,186,47,0
3937,1755,1075,286,134,24,3
1797,1197,1629,649,149,20,1
1458,1048,1975,966,194,28,1
3348,1887,1798,1172,126,17,3
1834,1772,545,270,116,64,1
2775,1421,1657,781,165,57,3
1277,1464,1341,418,153,17,1
457,728,817,126,111,23,0
438,954,1058,228,134,50,0
3210,685,1203,1091,82,13,3
985,1472,1744,1452,130,36,1
3701,853,740,674,200,3,3
1052,1469,1133,398,123,8,0
1175,1310,889,449,135,57,0
1070,1654,1719,1184,146,11,1
3411,902,1285,675,134,3,3
1175,1448,1850,1792,156,26,1
301,1631,1905,177,198,3,0
489,1608,1158,1013,183,28,0
1733,1991,1325,1058,145,64,2
2756,1349,772,592,114,62,2
2612,1589,1743,810,195,51,2
1724,1844,882,533,158,51,1
2190,712,1208,558,84,35,1
1900,972,1050,681,107,54,1
3915,1406,1366,1017,98,34,3
1043,1289,899,765,178,25,0
3817,932,1224,1176,154,64,3
2362,1747,1131,947,94,48,2
1107,1172,1884,1314,95,41,1
2982,1128,1370,609,84,53,3
2042,664,1497,754,106,28,1
1343,513,867,619,186,44,0
2610,1742,681,453,170,43,2
2335,1512,884,205,162,6,2
1614,1986,1358,282,165,51,1
1138,965,998,130,109,13,0
604,1067,1989,494,122,40,0
3652,1583,862,275,118,42,3
3955,1653,1785,447,176,37,3
258,1433,799,281,133,4,0
1066,765,793,6,153,18,0
1731,1845,695,292,96,61,1
3860,752,728,164,87,48,3
3630,1948,1940,631,100,16,3
1965,1077,1304,897,174,45,1
1459,932,1078,268,104,60,0
2323,1968,1259,861,115,22,2
3291,1122,790,331,120,2,2
3272,1588,1594,1064,159,61,3
918,601,548,509,101,26,0
3488,1615,1256,622,132,15,3
3961,1589,1911,957,128,58,3
590,1417,1649,494,114,56,0
3701,1697,1264,236,95,34,3
463,1330,1262,980,83,3,0
3644,1476,1972,1789,148,43,3
1713,1579,1484,831,142,27,1
429,1277,1090,902,200,41,0
2765,1089,1259,636,145,2,2
2084,1663,1439,831,169,27,2
1125,1949,592,518,186,20,1
2048,1138,1777,233,109,48,2
1223,685,870,725,174,17,0
3672,1889,1106,170,132,31,3
3100,857,948,157,195,17,2
343,1902,1393,1142,124,50,0
1970,1225,982,840,155,15,1
2728,1066,1586,401,131,39,2
3635,1554,1579,395,124,5,3
2180,1337,644,48,186,31,1
2488,1926,1157,982,172,33,2
3864,869,539,478,104,34,3
1155,1278,750,581,104,54,0
3566,1773,1472,1215,170,32,3
864,1661,1337,594,109,6,1
869,1438,1663,683,176,32,0
591,1661,861,536,119,29,0
1333,1846,773,83,159,19,1
2208,1260,1313,905,123,23,2
2610,512,1849,249,83,15,2
2819,581,1613,803,185,59,2
1955,1872,1259,459,134,44,2
3416,687,1151,584,151,50,3
3803,1062,1807,1596,160,10,3
574,1678,1763,418,192,7,0
2129,1417,1029,364,166,45,1
1948,1074,952,946,103,9,1
2978,1832,654,186,90,2,2
1619,1039,1827,1428,200,12,1
3716,1059,1916,1613,134,61,3
3454,1606,1924,1127,154,57,3
3777,1928,1580,691,187,19,3
2712,1875,1942,1802,91,55,3
1434,1128,1582,751,135,46,1
3968,1748,1234,859,146,14,3
3383,1413,517,187,117,51,3
3278,825,1917,206,86,23,3
3970,1589,1759,1673,100,26,3
2674,535,939,710,145,54,2
2776,1780,1463,1331,190,27,3
2336,1671,848,263,129,61,2
2430,1821,1803,97,114,12,2
891,1076,915,129,119,38,0
728,532,1354,1213,193,8,0
3886,777,1143,189,148,30,3
1711,1217,632,628,182,17,1
2856,1656,899,320,117,16,2
2447,1185,1642,837,152,31,2
814,577,1450,1087,161,37,0
2951,737,1463,781,193,49,2
3653,704,1013,251,186,53,2
1891,525,1587,262,137,51,1
701,504,1665,767,166,16,0
3139,793,1815,1226,176,38,3
2811,569,739,389,184,39,1
1701,1590,963,920,160,21,1
1853,707,1508,1027,194,16,1
2445,767,1000,271,185,19,1
2287,1350,544,369,181,50,1
2003,1117,1627,1258,146,31,2
3595,641,759,417,192,7,2
1726,1002,1416,1345,83,35,1
3952,1408,1088,613,89,45,3
850,1900,1596,912,190,41,1
1446,726,760,666,101,43,0
1300,1544,857,236,113,45,1
719,1454,1100,186,160,21,0
988,1230,676,416,123,26,0
2606,1552,658,430,180,53,2
2912,1519,1239,168,200,32,2
2339,723,1901,1467,102,30,2
1028,1191,1813,179,169,13,0
3173,1168,1578,159,90,61,3
1667,1229,1878,120,191,14,1
1897,1758,1864,762,190,13,2
1214,1290,1109,600,143,3,1
3269,574,1171,286,90,38,2
445,1271,1949,1350,113,32,0
1073,1170,1722,27,83,30,0
665,1269,1920,1597,118,52,1
3129,1288,1809,1177,121,50,3
3501,1366,964,402,150,34,3
3461,1572,1237,577,169,8,3
3206,1627,1082,52,180,32,3
3717,1701,828,364,115,46,3
3917,1900,1241,934,171,55,3
861,1974,545,250,80,24,0
2885,1197,1710,214,129,20,2
2777,587,1793,612,170,6,2
1017,934,1463,1111,112,24,0
980,1195,1100,163,82,23,0
2775,1853,1951,202,92,23,3
3309,1164,1704,729,95,19,3
3607,1512,1897,1079,88,18,3
1257,1232,809,361,169,24,0
759,1813,1306,338,198,5,0
3720,946,1771,1698,166,5,3
475,739,1536,1052,88,58,0
1122,704,1509,1108,80,29,0
1336,1663,1545,951,147,40,1
1185,1966,1987,1197,185,40,2
705,1219,1022,473,196,17,0
3169,612,1337,1294,181,35,2
3483,1658,522,410,182,39,3
1183,1263,1883,178,175,64,1
3373,1395,1787,782,118,55,3
2801,621,910,434,151,54,2
565,652,781,464,142,58,0
3153,1175,1501,137,145,25,2
3421,561,1176,492,163,11,2
316,1137,1285,1250,173,3,0
448,1835,583,385,193,11,0
2366,1170,684,427,169,40,1
3881,1595,1838,1024,85,44,3
462,1719,904,240,122,12,0
1480,1770,1552,886,128,7,1
1087,1312,1854,1233,163,28,1
2711,1878,559,183,139,56,2
2144,1871,1682,88,81,20,2
1165,922,1383,1016,188,35,0
2998,1975,655,80,128,16,2
2249,1212,1715,611,102,46,2
752,1430,906,569,179,56,0
1409,1958,637,304,190,4,1
3072,1836,1230,276,184,30,3
1305,557,1315,1131,125,24,0
3597,539,599,551,145,21,2
3132,880,1302,436,172,44,2
3856,1369,727,553,162,34,3
1524,1109,1787,1391,98,39,1
3673,843,1096,981,166,16,3
3293,598,1173,680,196,21,2
3035,972,816,687,126,5,2
584,1944,1970,1060,197,36,1
2675,1225,1101,217,138,2,2
2382,644,1654,1140,114,30,2
1391,1919,1191,304,150,48,1
2346,501,1089,504,131,54,1
606,1620,1033,832,185,30,0
1324,1227,1781,935,130,34,1
1076,1359,901,446,107,58,0
643,1914,1701,942,118,35,1
783,1645,1308,897,123,21,0
3809,1063,1232,1208,101,26,3
2104,946,630,159,154,19,1
1762,1231,1184,632,185,54,1
3137,1397,1991,1308,87,9,3
1756,701,1256,1002,160,15,1
3663,570,1917,1331,111,9,3
2437,1993,510,150,147,27,2
1432,955,1511,1248,143,43,1
1620,924,1813,108,167,47,1
1655,600,747,320,112,14,0
2832,518,1947,437,178,3,2
961,1063,935,295,95,31,0
2608,920,1421,1058,149,46,2
514,1715,1652,79,171,3,0
2304,1841,672,593,167,14,2
933,543,1031,693,132,60,0
1896,1762,527,300,189,25,1
3655,1112,739,234,121,53,3
1973,709,1596,1545,136,35,1
3278,1315,575,59,128,64,2
2183,1762,1364,1103,107,15,2
824,1462,1478,91,182,25,0
2598,571,1282,177,186,35,1
1254,666,1353,58,81,54,0
3622,1994,1435,447,146,7,3
1704,1583,1651,942,148,14,2
1624,1778,516,88,132,45,1
3809,1926,1000,371,179,50,3
2574,966,1754,1446,117,50,2
950,568,1703,181,179,36,0
273,1897,1935,1311,192,21,0
446,1695,1898,1791,200,46,1
1510,1623,1832,1568,120,61,2
1122,914,721,706,147,26,0
707,1721,1048,871,128,33,0
751,890,1873,1074,198,44,0
3393,600,1465,501,191,48,2
3771,1677,1477,271,124,11,3
1851,723,1748,920,168,3,1
2735,638,1383,1171,102,27,2
2253,852,1159,293,104,62,1
452,1979,1630,833,165,32,0
1419,710,857,485,151,32,0
969,1034,1293,182,190,45,0
3441,600,1162,207,145,22,2
3786,1027,1747,1698,103,64,3
2710,1260,736,165,106,13,2
3533,1793,1418,1086,169,12,3
1735,675,757,192,144,60,0
3587,658,1750,1156,103,12,3
2298,1694,549,377,102,34,2
2027,804,818,709,89,41,1
2406,1713,974,729,127,27,2
2419,706,938,543,108,31,1
995,1362,1505,553,131,25,0
2078,1527,1116,526,154,60,2
1145,768,991,637,159,19,0
626,1314,577,113,155,41,0
1509,705,1374,1114,155,57,1
3371,1403,1251,461,164,26,3
297,1486,1747,1430,85,52,0
3508,781,1674,304,198,38,3
2385,986,800,471,183,23,1
1301,1310,1016,806,105,33,1
2167,560,1327,80,81,57,1
3914,1348,501,204,116,43,3
2312,1567,1621,545,119,22,2
2297,1940,858,112,93,17,2
411,1979,1532,1331,176,19,0
665,561,1294,1055,193,2,0
3226,1717,810,609,130,62,3
740,535,811,290,113,48,0
3878,1413,1318,1039,185,39,3
3406,1358,1655,1485,135,20,3
2440,1519,1702,1122,112,30,2
3959,1254,1013,462,108,50,3
3703,1591,1883,1384,154,49,3
3714,977,1862,1502,165,35,3
337,1640,1301,589,169,21,0
3176,663,1605,82,183,25,2
1205,1744,718,68,112,20,1
2473,1624,699,689,150,28,2
1229,1108,1742,208,169,2,0
2896,1188,1558,1339,114,9,3
2039,817,766,722,144,11,1
520,863,1799,717,133,6,0
1378,1397,1658,433,121,3,1
3254,1108,1666,1298,140,49,3
1803,1068,1998,186,184,37,1
2501,1702,1491,1397,145,52,3
3762,808,1891,618,192,8,3
1796,1156,1262,1214,89,61,1
990,1271,650,613,159,54,0
2630,696,907,649,197,51,1
1380,1981,1234,193,175,45,1
3487,614,519,22,128,58,2
1201,1590,1595,1464,122,7,1
3015,1945,895,280,113,21,3
3204,1135,1589,690,158,43,3
433,1049,1564,39,172,2,0
1906,1807,1384,337,125,49,2
898,984,1611,1036,98,42,0
2799,720,1733,1347,96,61,3
2020,1536,1634,22,105,13,2
770,771,922,327,86,25,0
305,503,1291,778,185,57,0
2953,675,874,482,187,42,2
1671,1936,1089,591,182,34,1
2574,1303,1604,229,138,15,2
3772,1004,1162,901,141,35,3
2870,1972,1648,715,102,37,3
2577,1822,910,172,195,8,2
2246,1159,723,681,83,18,1
2405,1782,999,867,157,58,2
3377,894,1300,286,168,16,2
3619,1884,819,451,185,43,3
1184,1648,1238,1119,142,17,1
2965,798,643,526,96,4,2
3713,802,1633,1299,157,45,3
3798,1276,735,217,130,53,3
1026,1331,1226,1109,165,16,1
1086,1620,1339,434,186,5,1
2236,1996,1445,671,122,51,2
1303,1092,1424,1404,185,45,1
3048,1018,883,856,155,63,2
616,545,1452,381,131,11,0
3764,554,806,85,105,12,2
419,1264,849,562,171,34,0
2858,1030,1812,1111,138,58,3
504,1432,947,209,164,39,0
392,558,1605,997,142,49,0
820,829,1916,91,129,56,0
3387,1741,1895,730,143,14,3
3447,1849,1123,606,144,15,3
1403,733,1409,445,174,7,0
2295,1872,1484,286,80,16,2
1973,1853,1005,985,197,27,2
3755,1149,1675,1617,106,30,3
2073,891,1724,375,196,25,1
3872,1911,1958,1795,163,64,3
302,550,1930,486,145,23,0
1519,576,1518,757,121,27,1
2549,1760,1704,273,198,50,2
404,969,589,491,124,45,0
595,1160,859,762,166,63,0
1663,827,821,448,160,18,0
2764,1786,1671,231,161,58,3
2614,774,1865,1713,136,8,2
1094,819,822,438,83,11,0
2826,1042,1018,68,139,11,2
2496,1368,829,698,97,50,2
2103,1592,522,510,181,50,1
966,1067,1009,965,146,14,0
2172,1892,1564,1399,110,47,2
905,915,1448,532,187,56,0
3916,774,896,8,124,55,3
3902,1848,605,154,179,42,3
2487,1501,1056,198,187,2,2
3914,1614,1330,860,188,55,3
363,911,670,461,181,46,0
3233,1520,1909,109,199,24,3
2532,1647,1185,193,102,38,2
3836,1347,1008,961,108,53,3
3076,967,1642,243,92,25,2
1513,1442,1668,1626,145,56,2
1724,1204,1482,480,199,10,1
542,1320,1229,123,144,41,0
3481,1800,823,400,100,8,3
3991,1567,1326,190,153,22,3
1790,1439,932,626,147,20,1
509,1422,926,1,112,3,0
282,1591,1641,548,161,52,0
3006,880,660,632,198,6,2
1913,1929,1051,349,163,19,1
1333,1642,1889,1686,102,5,2
3746,1511,1982,1455,114,21,3
3941,1312,893,95,163,10,3
3970,1852,1163,580,196,10,3
3925,972,589,297,82,44,3
424,691,962,951,108,33,0
1284,807,697,667,158,8,0
277,1113,1312,1047,145,25,0
1713,721,1862,408,125,16,1
485,1188,1469,1150,198,54,0
3002,1512,952,333,131,52,2
418,805,704,641,97,64,0
1652,918,671,653,123,8,1
2893,1320,1583,103,168,48,2
1406,1236,809,517,188,57,0
629,1387,1151,785,98,61,0
3724,1883,791,531,95,30,3
3835,839,1391,564,175,14,3
1354,1593,1336,761,130,52,1
2376,1722,1638,1179,88,25,3
3438,1954,690,673,126,7,3
2655,1788,1073,472,150,2,2
3361,1628,643,412,101,33,3
3535,1965,1660,977,84,4,3
2150,833,1395,359,124,27,1
2587,571,783,224,141,43,1
2736,1808,1208,714,92,31,3
676,1860,799,195,83,55,0
2941,1368,1145,843,115,9,3
3336,1161,1169,308,126,21,3
3796,1224,563,522,157,33,3
3654,902,1360,364,122,63,3
2934,787,1423,806,93,11,2
2889,854,1152,518,125,30,2
3315,1184,1577,519,191,48,3
1993,1973,1181,792,152,39,2
2509,510,1228,382,120,35,1
3534,966,1523,214,118,34,3
2246,1438,867,859,169,16,2
3165,1986,774,342,95,51,3
286,1907,1513,713,105,55,0
776,1489,812,172,200,32,0
3213,1843,580,118,134,16,3
716,825,783,540,94,38,0
424,1286,662,18,98,16,0
3486,840,1081,987,137,63,3
3237,757,697,535,163,58,2
1944,814,1406,1092,177,41,1
643,1195,1001,327,80,8,0
2317,767,1995,517,107,10,2
1436,1068,1500,994,97,52,1
3190,994,530,491,173,56,2
2338,1550,832,268,133,21,2
1334,1878,1026,210,85,29,1
3657,623,672,144,127,6,2
2080,1829,1267,729,160,15,2
1609,525,670,82,190,35,0
3078,1065,928,188,89,14,2
590,1425,1897,150,127,35,0
2552,1296,1382,1222,129,11,2
3355,642,1011,331,197,34,2
1968,1664,1929,1178,177,15,2
3358,1498,1076,347,170,8,3
1539,981,688,75,136,2,0
942,1236,1403,492,143,32,0
3669,1673,734,65,187,9,3
3612,712,1234,881,172,9,3
2351,569,1159,351,170,4,1
604,603,1968,1842,156,64,0
1285,1332,1165,758,187,11,1
515,1413,1481,1323,128,13,0
654,1064,1569,1175,184,34,0
2540,1444,1554,1092,82,48,3
3869,1366,1876,647,161,53,3
3412,906,1793,1102,136,18,3
509,1554,1367,319,185,47,0
2547,1187,1125,215,122,21,2
2735,1156,1913,945,173,30,2
1369,1918,1203,381,139,22,1
2942,841,828,546,199,39,2
2812,730,1155,1096,167,6,2
3497,878,618,575,153,31,2
619,1059,1545,519,182,50,0
3483,1578,670,342,200,3,3
1475,1829,563,291,112,36,1
1950,1132,1293,1091,157,8,1
3592,1652,1084,352,198,40,3
3573,912,1723,165,107,58,3
2020,1181,831,385,116,61,1
1329,1497,1933,1920,92,32,2
3568,1790,1980,396,100,49,3
1947,1742,1469,1134,100,49,2
1998,1549,1514,721,158,8,2
725,1372,937,687,193,34,0
3302,1112,1119,777,190,12,3
3884,1005,1556,176,133,46,3
1185,783,1263,458,150,27,0
1656,1698,1819,485,105,26,2
2870,899,1638,641,192,53,2
911,1062,1435,798,151,45,0
3892,989,1394,256,166,17,3
3897,1983,1197,370,125,27,3
656,1800,1108,191,87,53,0
606,1254,1956,1571,146,45,1
1653,868,1026,276,83,30,1
860,1205,614,573,175,12,0
2197,1284,516,160,155,10,1
3458,626,1334,90,187,23,2
2066,1763,806,138,101,53,1
3676,694,1230,983,193,36,3
1518,1265,687,275,90,49,1
1018,816,558,149,198,14,0
1360,904,507,42,168,35,0
3449,979,1670,793,164,5,3
2524,1531,765,625,162,60,2
703,934,1190,521,182,30,0
1251,1624,1744,1530,200,58,1
582,874,1248,442,185,8,0
1732,1027,714,152,102,63,1
1252,1966,1973,1242,144,48,2
2146,1048,1670,29,182,29,1
1927,1496,506,501,126,38,1
3328,959,736,87,155,13,2
2462,1349,1019,648,105,55,2
1172,1689,674,521,168,13,0
3598,1558,1409,120,146,27,3
2437,582,1420,985,168,27,2
3271,1485,774,341,138,44,3
1511,1991,1377,751,94,9,1
2981,553,1517,993,119,23,2
3119,1231,1663,43,113,7,3
3647,805,1538,1262,88,34,3
3148,764,511,361,152,13,2
2829,894,541,104,130,54,2
2373,1589,940,618,84,46,2
3998,1456,1666,815,80,39,3
316,743,1659,1587,95,33,0
999,1061,1330,138,109,52,0
1808,1428,983,584,153,7,1
589,674,772,750,93,8,0
3317,832,1366,820,93,46,3
670,1625,1219,8,107,50,0
584,907,507,171,151,42,0
2173,1631,1735,960,166,13,2
1561,1584,1291,160,135,41,1
2073,1382,719,612,199,13,1
1401,633,1915,709,102,46,1
3764,1444,917,624,104,38,3
1275,852,730,538,147,54,0
1464,922,1808,1295,157,47,1
2885,1745,1908,1164,159,57,3
3458,862,1977,829,107,6,3
3019,1754,1452,199,101,52,3
1083,1008,1972,825,109,36,1
3538,1569,930,519,147,33,3
2493,1596,1190,169,149,7,2
3726,1807,1968,1734,134,61,3
1531,1660,1165,76,184,7,1
601,1861,1877,1698,148,55,1
2991,648,1997,819,91,8,2
3912,1379,671,387,134,19,3
309,1910,1284,985,115,34,0
323,1807,974,970,155,13,0
1489,1923,1759,767,191,46,1
1322,1345,1465,512,162,38,1
1846,904,760,56,102,14,1
417,1239,661,590,122,52,0
3269,1330,1304,462,84,52,3
3731,516,698,126,138,30,2
667,672,1143,578,95,54,0
1241,892,1782,655,94,47,1
3941,1778,1445,1028,101,23,3
1018,1130,1261,88,132,58,0
3142,1359,1902,1692,86,59,3
1444,1866,1782,358,89,47,1
934,1597,1667,64,89,34,0
3863,1046,1040,259,100,58,3
3506,1035,1960,236,99,44,3
1944,1175,1394,873,164,19,1
348,1261,1591,858,90,11,0
550,1068,1910,1405,124,51,0
971,1713,890,237,104,20,0
3984,1688,864,650,170,21,3
2973,1413,1994,1949,104,45,3
2019,559,823,541,82,11,1
1587,1483,1552,361,146,19,1
1870,860,1463,335,187,48,1
1352,1090,1910,1638,91,27,1
570,686,1392,1109,91,3,0
546,818,510,111,177,43,0
3624,1456,1427,1285,193,49,3
2944,774,1731,1480,188,10,2
1209,1068,875,322,197,19,0
2752,1373,1348,1220,141,29,3
3868,1777,616,511,188,20,3
3087,594,1263,1011,132,28,2
947,1524,635,629,124,57,0
1484,511,622,140,175,50,0
347,1402,1767,1081,87,46,0
3227,965,653,297,131,53,2
3299,1270,1716,1512,104,58,3
1028,919,570,275,159,13,0
714,1963,1813,1136,157,34,1
2641,1977,1356,1145,173,31,3
1229,1881,1553,477,158,51,1
2622,683,1985,954,173,19,2
929,772,1471,741,100,6,0
1211,536,705,547,135,53,0
1653,1694,1208,1194,186,53,2
511,1633,906,146,111,33,0
3034,1371,663,471,167,52,2
1414,551,1916,169,172,54,0
2438,1221,1976,1895,139,28,3
3744,1000,1761,1537,179,63,3
1377,1986,1520,236,162,64,1
3520,1119,915,821,164,23,3
3796,1699,1768,466,97,59,3
1699,1099,1096,393,146,61,1
336,1576,631,400,90,58,0
1095,950,843,774,156,55,0
325,1081,519,284,99,49,0
1223,606,1152,465,146,53,0
1649,502,1810,705,199,37,1
1898,957,1682,38,160,4,1
2609,1658,739,51,159,38,2
2265,1681,1005,850,167,18,2
2775,1983,676,349,87,43,2
1445,1753,1595,387,113,12,1
2614,1632,1623,706,132,41,2
356,1949,1178,951,145,57,0
523,1696,772,179,97,13,0
3745,688,1964,426,131,57,3
1229,1104,1413,653,199,60,0
1402,1122,1963,1578,184,28,1
2085,504,1795,280,172,46,1
587,1154,1801,251,156,14,0
2457,1727,1992,1463,85,63,3
2030,1674,1649,1432,89,52,2
816,1948,571,477,135,18,0
1667,1218,1746,1122,150,39,1
2958,531,1903,145,189,63,2
3705,1057,1055,416,154,5,3
2800,576,893,847,162,30,2
3773,1960,877,868,165,7,3
2050,673,1088,594,88,22,1
1754,718,830,518,88,21,1
1904,864,1805,663,103,35,1
2705,547,541,371,154,37,1
3537,623,1781,1749,102,3,3
1370,1793,722,586,154,27,1
1222,1720,646,409,137,19,1
3102,812,1309,35,106,64,2
2268,980,1758,1008,160,33,2
2648,643,1079,442,187,18,1
2173,1925,1087,983,175,16,2
3162,1408,982,875,151,32,3
1368,1522,1191,952,124,28,1
2746,587,1361,244,111,51,2
619,1959,1055,65,191,18,0
724,1872,1767,1749,89,17,1
912,1043,1626,716,111,42,0
2784,1809,1661,433,123,23,3
793,1703,521,134,92,23,0
560,1095,1247,179,197,45,0
312,1414,1564,804,137,27,0
545,1659,1515,787,88,41,0
1591,1540,822,704,197,60,1
2746,1342,1638,991,86,31,3
893,1189,932,379,198,8,0
2514,518,710,489,128,62,1
1032,1449,1883,1518,144,10,1
819,516,1401,855,91,39,0
3672,1569,1383,1261,111,59,3
3833,1312,1791,115,156,24,3
1482,1893,1432,1203,179,23,2
2043,1076,1300,545,105,14,1
1229,530,1090,818,118,40,0
1816,1044,1262,42,129,33,1
2166,1330,1637,1103,126,37,2
2469,1836,1068,168,104,14,2
2575,1741,755,719,140,55,2
1375,1869,874,163,152,30,1
1732,1331,1531,1162,146,55,1
673,1655,1348,626,105,4,0
2301,605,656,329,162,18,1
2676,1245,1434,330,105,30,2
1781,1709,1292,956,136,58,2
2248,846,1983,1140,123,58,2
921,1403,1623,217,90,62,0
391,688,869,271,89,2,0
1719,775,1555,444,185,10,1
3262,1154,1827,1003,159,35,3
1947,1375,772,227,194,35,1
2693,1827,1764,253,130,61,3
441,1697,1046,88,90,60,0
1886,741,594,334,178,14,0
1267,1672,1896,1281,174,32,1
687,514,1320,168,186,57,0
2890,1375,1687,898,105,12,3
1737,989,1069,46,124,55,1
887,1510,1170,118,138,47,0
398,1266,1595,1187,86,18,0
2389,1396,1347,1191,138,46,2
3431,808,1324,526,161,45,3
3601,1542,966,346,182,43,3
2459,745,1538,89,102,35,1
3230,1735,846,137,148,59,3
3646,586,1389,1226,188,57,3
2200,1341,574,473,107,36,1
3862,781,607,368,88,64,3
3077,501,1636,239,174,22,2
621,1224,709,622,139,44,0
2372,1970,882,654,80,58,2
2574,618,1781,853,138,63,2
2857,1537,1305,686,158,46,3
3143,1018,1433,992,153,16,3
3197,1545,1352,115,173,35,3
2727,1871,1966,275,144,41,3
1519,1729,1178,461,186,12,1
2438,680,1500,1428,131,9,2
2674,1106,1212,614,107,54,2
2107,635,989,193,97,50,1
2262,618,1602,1105,143,16,2
815,1671,1263,398,179,5,0
2829,1562,728,480,105,52,2
3022,1975,1607,775,151,31,3
2573,831,1490,1482,134,62,2
2678,1524,550,154,174,10,2
1282,1528,1762,454,129,55,1
568,1447,1455,737,155,9,0
2074,1344,556,419,190,14,1
2227,564,1737,853,130,8,1
1080,921,1229,1211,83,60,0
2867,1413,1606,314,200,10,2
1075,831,1239,172,86,55,0
3063,802,734,527,153,43,2
2479,1923,1264,874,86,24,2
2394,1193,864,674,196,56,2
2814,904,1014,657,112,31,2
2094,1285,500,475,140,51,1
2315,1635,1411,1209,182,2,2
2519,1923,525,15,154,14,2
735,1851,1967,293,198,12,0
1891,727,1377,813,131,32,1
1386,1396,1843,173,118,44,1
3260,877,652,457,135,46,2
2022,696,797,533,103,35,1
1716,1009,1043,912,102,2,1
3317,1526,1418,798,116,38,3
1454,987,565,412,192,20,0
2290,1414,887,130,101,49,1
3940,1732,656,201,172,61,3
461,1587,874,299,148,50,0
2219,1097,1352,1277,160,21,2
470,504,1195,626,178,40,0
2495,1159,751,378,80,28,2
2944,1910,639,333,146,29,2
2361,865,1804,805,159,59,2
1783,1930,1920,1901,186,16,2
2832,860,1581,1573,170,40,2
931,1268,912,360,182,42,0
1344,999,745,20,167,27,0
3916,622,511,98,127,9,2
1882,1250,1011,703,182,44,1
2865,763,1278,273,104,51,2
757,1100,1344,919,112,15,0
3469,815,1291,982,85,51,3
2399,618,896,879,88,57,1
3300,553,1892,1287,136,18,3
2719,673,1247,1109,84,3,2
3012,563,684,211,115,47,2
2836,1590,1109,1058,187,14,3
2385,1031,1247,532,121,11,2
594,909,773,290,97,30,0
2968,1880,1019,890,104,7,3
3762,1479,645,327,146,24,3
892,1271,1788,1260,161,2,1
467,709,1422,570,81,13,0
345,1744,1558,621,158,62,0
3033,1314,1858,328,116,40,3
2110,1136,1767,1307,150,9,2
3105,1039,618,497,125,56,2
874,1300,1037,219,156,62,0
3681,732,1554,1163,188,39,3
3865,511,759,24,180,52,2
737,1092,571,468,167,11,0
3153,921,1469,1272,170,10,3
2800,1030,551,503,147,37,2
315,1130,1579,1495,101,27,0
1412,1299,1838,1333,187,60,1
2286,1009,1841,267,115,2,2
2392,1735,876,149,140,34,2
1857,1129,1079,1070,185,49,1
1419,708,620,206,116,26,0
3305,894,747,158,123,58,2
959,530,1012,48,88,32,0
2635,1481,522,249,105,35,2
1754,1068,1499,935,194,45,1
2563,1487,768,140,84,57,2
1936,1524,740,184,96,41,1
1869,1093,807,238,196,22,1
3637,1816,1089,800,186,50,3
896,627,507,211,142,20,0
2349,989,804,670,132,51,1
774,1895,1335,725,134,5,1
3397,805,1544,81,168,58,2
485,713,1378,1211,181,2,0
3964,864,1378,1362,148,24,3
1887,1177,1923,945,181,11,1
2977,582,1702,1043,107,32,2
2114,1898,739,444,185,56,2
1542,1158,1796,311,123,29,1
3038,1451,1456,812,181,57,3
2481,1820,1884,202,163,51,2
841,984,707,531,140,9,0
3565,580,898,404,135,24,2
1958,1263,1609,954,146,5,2
2454,1237,603,274,87,27,2
3392,514,1723,956,172,37,3
262,1515,1593,1438,184,56,0
530,721,1988,1446,194,6,0
3703,603,1057,692,126,35,3
2562,1426,1032,777,109,55,2
574,1820,1951,1157,161,64,1
2632,1215,1473,454,130,16,2
259,697,1477,478,173,20,0
688,717,1106,217,198,10,0
2554,1348,741,468,145,36,2
3859,1164,1656,1107,88,61,3
2977,578,1134,626,170,62,2
571,1971,922,485,186,40,0
402,1794,627,43,86,55,0
878,1558,1385,322,114,32,0
2130,1597,1145,880,85,4,2
3260,1240,1756,1511,146,39,3
454,1994,711,667,88,7,0
2638,1221,1899,765,152,35,2
2819,989,679,614,156,24,2
1464,1180,1252,925,144,50,1
1824,718,1387,1185,113,59,1
876,1670,1886,1706,139,47,1
2706,534,1477,347,164,21,2
659,1566,1930,1603,126,20,1
455,1935,860,806,124,29,0
2378,504,1539,1207,163,54,2
2278,913,1144,431,103,41,1
3436,1317,613,179,113,43,3
3424,917,909,423,88,31,3
401,712,1743,1131,99,49,0
681,1083,1469,925,126,52,0
3212,1039,544,62,136,6,2
3105,1747,873,800,185,13,3
2036,1449,947,211,105,52,1
3153,1872,1389,81,139,49,3
1642,1796,798,667,101,7,1
509,1097,519,405,181,60,0
3465,1562,1676,678,172,20,3
3900,1433,1651,1619,153,27,3
1105,740,1147,935,123,12,0
2064,676,1011,864,84,39,1
3117,503,1688,1495,131,13,3
1142,1020,1613,870,96,7,1
1060,896,1469,1379,111,4,1
2381,1824,1738,1055,143,19,2
3366,1512,1838,220,134,54,3
1339,1053,1261,419,126,42,0
2560,1944,1362,1111,87,31,3
285,1174,1461,1097,91,25,0
2476,627,819,447,131,12,1
1862,1602,1062,273,118,46,1
3488,1733,997,590,170,6,3
3178,586,598,116,142,8,2
733,1528,564,306,156,37,0
756,875,1316,300,110,23,0
3622,1602,1746,1259,170,58,3
1277,1426,1694,1573,174,12,1
3703,1370,1783,1392,158,6,3
1905,609,1524,113,81,10,1
2636,840,1728,526,178,15,2
2014,991,1678,1209,158,12,2
3056,1724,828,655,100,9,3
465,584,1622,1123,168,19,0
3869,860,979,692,141,49,3
1108,1541,1052,796,165,28,1
1906,615,1958,1021,130,58,1
851,912,1310,995,84,46,0
3142,1278,1504,1244,172,60,3
1300,1365,970,293,125,31,0
1430,1702,1931,1240,177,36,2
362,589,1858,759,146,59,0
2456,1347,1528,398,95,56,2
2360,1644,791,358,137,44,2
3700,956,1614,403,133,42,3
2620,1089,1409,211,153,2,2
437,871,1437,194,178,52,0
3774,664,1472,1076,164,6,3
1218,1874,1418,1238,192,19,1
696,1928,1004,229,162,5,0
3407,888,1683,327,198,33,3
3902,1077,1892,135,86,58,3
2086,1023,1744,5,80,30,1
1356,1426,1163,715,84,42,1
1704,831,621,511,177,26,0
3571,1496,1383,549,85,6,3
2132,1433,784,420,129,5,1
3209,1095,1066,838,103,44,3
2096,643,1400,314,156,23,1
1273,1142,1766,739,198,6,1
3623,730,846,62,112,27,2
368,1901,1662,3,131,41,0
854,1510,1520,963,135,32,1
3646,1924,1923,1438,136,59,3
3130,1825,1773,1621,157,17,3
3784,1275,501,19,152,5,3
3885,987,1274,887,124,17,3
1494,1538,986,567,121,13,1
2973,1965,676,584,149,29,3
1471,808,974,496,185,20,0
2001,712,1309,1245,86,27,1
1486,1507,888,682,123,42,1
1321,912,794,724,182,47,0
1877,769,1454,1384,95,17,1
3499,948,1654,257,173,22,3
2124,507,1084,17,142,39,1
1221,1384,1210,983,82,60,1
2316,1766,1306,439,194,29,2
1068,1407,1206,925,170,16,1
1930,614,603,409,94,24,1
1316,1972,952,293,196,14,1
1742,1039,1878,384,130,47,1
3265,511,1285,149,125,34,2
2700,1811,568,447,98,5,2
2115,1159,1206,717,104,36,2
3915,1848,533,195,178,12,3
3144,1988,696,153,94,16,3
1571,1469,1850,1699,150,58,2
2253,1423,640,501,131,44,1
1433,1974,1496,530,145,10,1
2583,835,1378,396,128,42,2
1817,1429,1552,670,151,42,1
2915,947,887,193,144,51,2
3340,1446,1769,351,178,18,3
2790,1332,855,846,168,7,2
577,1498,1167,111,191,14,0
3220,1576,1386,1213,173,14,3
3488,1398,1284,755,150,26,3
1277,1885,1517,1406,92,14,1
3593,798,627,497,148,2,2
2736,1436,1836,1826,124,42,3
2311,1998,1356,50,196,31,2
1464,1321,941,817,109,63,1
1355,1021,1793,901,192,9,1
2382,1339,1269,212,123,40,2
1886,1210,1039,329,111,57,1
832,1949,1182,837,145,31,1
751,882,884,248,151,28,0
436,1549,1162,632,113,27,0
722,1991,613,366,82,42,0
1075,796,518,174,114,12,0
2802,1012,1195,882,161,39,2
1780,1318,1591,688,188,11,1
1247,1708,1345,263,197,14,1
3066,598,764,118,117,62,2
403,541,1226,1012,200,51,0
2518,818,1552,586,192,23,2
1069,1414,1233,294,168,15,0
2651,601,1827,818,169,6,2
2974,561,865,426,99,40,2
657,1616,1133,151,100,52,0
3372,1263,644,409,103,32,3
1464,1604,1156,641,93,63,1
1326,539,967,958,86,24,0
3393,1071,1970,1328,199,49,3
323,826,530,354,135,57,0
1628,771,1781,1709,106,62,1
2610,1811,1553,1099,132,33,3
3721,1842,1227,783,179,56,3
763,1420,1393,194,100,50,0
792,1763,1893,238,184,10,0
1568,1163,1076,919,133,2,1
1276,1805,891,758,182,29,1
3472,610,1273,1039,90,52,3
2520,1533,1393,1054,160,17,2
3423,1924,686,122,111,63,3
258,1801,1708,100,120,52,0
1868,1726,1804,1221,106,42,2
2171,794,1376,312,197,14,1
780,1686,1073,599,182,28,0
712,1444,1340,1274,103,6,0
1012,1004,581,62,160,30,0
318,1242,1796,315,166,28,0
3948,539,1709,1123,137,26,3
629,717,1981,1878,99,14,0
1161,1540,831,318,157,29,0
1403,672,1267,574,99,35,0
3707,1325,1915,1353,133,13,3
1305,950,1681,86,124,55,0
2926,948,1728,340,119,18,2
2674,1328,1156,602,144,27,2
471,1447,1062,963,184,40,0
1724,1973,507,127,95,21,1
1220,1731,1039,142,171,60,1
2754,1617,1079,274,111,63,2
594,1791,682,371,110,33,0
1005,851,1007,788,101,54,0
2439,856,1027,395,115,14,1
2302,714,1527,643,145,30,1
1083,951,935,854,81,15,0
2219,1303,1873,1335,109,10,2
1571,1550,1619,1541,126,32,2
2107,1759,1163,382,101,15,2
593,1448,1144,846,100,2,0
857,1987,1925,960,119,50,1
3518,908,941,154,95,44,3
1284,820,694,468,160,58,0
545,904,1496,1094,147,19,0
3566,667,870,272,149,6,2
2821,1109,1103,165,173,34,2
3442,1333,1301,394,183,59,3
1309,1352,1299,629,92,6,1
1179,1600,1713,831,88,19,1
1713,1454,910,903,80,37,1
1663,1489,1759,923,169,9,1
1812,1823,1250,362,81,10,2
1384,1581,850,693,172,41,1
1348,1672,1435,1250,172,44,1
3957,1283,1923,1135,80,27,3
1212,630,1448,66,180,14,0
3925,659,1877,924,151,24,3
348,1811,1132,204,115,32,0
1382,688,1957,376,109,40,1
980,514,1492,1083,141,18,0
838,1933,1473,229,154,16,0
378,915,1316,875,91,31,0
909,1006,991,35,135,22,0
3632,1134,903,18,92,13,3
3396,599,646,103,186,64,2
1861,973,588,105,196,53,1
348,1180,540,168,90,27,0
2528,1237,1004,18,98,13,2
2190,659,730,659,169,5,1
663,1142,855,534,190,6,0
961,1002,512,285,185,11,0
1280,1392,1098,482,113,44,1
2189,602,1717,1571,141,50,2
531,1249,1193,605,140,55,0
2331,531,1657,158,121,12,1
794,1450,1639,1573,114,31,1
2644,1342,620,127,173,50,2
1666,832,1431,343,198,22,1
2157,867,724,289,159,57,1
1196,1404,1880,1703,151,44,1
2072,840,1591,1482,150,33,2
1590,1368,925,907,91,42,1
2916,1927,1506,491,190,11,3
3707,1714,627,287,120,31,3
726,1201,1723,1151,198,10,0
3577,1796,1363,1024,184,44,3
2627,1147,1134,1085,158,28,2
685,776,1803,991,146,20,0
1693,510,1897,1052,110,33,1
2137,1045,1564,1078,175,40,2
3696,1497,977,98,153,10,3
3771,1425,1648,396,89,33,3
1342,726,978,323,94,40,0
1379,1576,1551,410,148,20,1
1164,714,1857,1750,197,11,1
908,1595,1988,1475,88,63,1
1019,541,1873,1836,127,10,1
3685,1617,676,283,113,29,3
1470,1154,1240,539,98,5,1
2299,1638,563,440,189,2,2
999,1150,800,397,151,39,0
3011,1254,1021,204,149,44,2
3142,1806,727,347,117,54,3
1543,603,1284,1003,114,12,1
3692,1834,1987,0,99,40,3
2753,520,519,264,145,31,1
2156,565,703,543,158,50,1
2637,1689,675,467,150,9,2
331,742,925,875,104,21,0
1214,1143,1724,1116,125,22,1
2248,761,1945,1325,196,3,2
3073,959,1331,1313,196,36,3
422,772,1802,552,134,8,0
2293,1015,679,335,102,12,1
3958,1824,1105,50,103,2,3
432,1130,1327,593,130,29,0
1152,1183,1010,268,120,48,0
1303,574,1364,382,118,26,0
797,1472,892,443,169,20,0
298,1868,884,576,179,40,0
3847,1375,679,596,147,20,3
2110,881,636,115,160,64,1
1921,1742,1407,356,176,43,2
2423,1225,1567,10,107,60,2
1658,1970,1684,1399,132,15,2
2361,1186,584,68,160,21,1
1380,1762,790,643,157,60,1
3892,1731,1988,809,163,4,3
315,852,1349,683,160,8,0
2289,848,527,56,151,36,1
2182,1575,818,492,185,11,2
2184,1554,1492,699,105,23,2
2872,1972,804,290,92,48,3
2367,827,826,23,87,35,1
1919,1063,849,394,155,3,1
3296,1695,1742,713,84,34,3
462,1343,1205,1063,81,14,0
1591,834,1463,1421,123,27,1
1593,595,816,623,122,20,0
2456,1081,816,83,101,42,1
2933,911,1692,1563,199,14,3
3154,844,1995,777,197,22,3
3615,1335,559,83,180,60,3
3563,1883,915,203,87,24,3
1440,1128,1226,938,147,33,1
1907,826,1183,1077,117,57,1
324,1650,881,773,89,38,0
1404,1162,866,332,104,50,1
2738,1517,1645,570,169,8,2
2722,963,821,742,156,60,2
2294,1837,1539,1420,103,12,3
1424,1028,1923,1801,193,30,1
1133,1831,1790,1693,189,55,1
555,571,1536,31,101,58,0
3785,1770,1373,1098,183,9,3
3675,970,1786,1765,84,59,3
435,642,1775,887,86,38,0
3183,622,1964,760,193,11,2
3495,600,1032,486,199,6,2
1853,1412,660,2,86,57,1
2648,733,1787,202,138,16,2
2647,1070,1614,90,160,19,2
702,875,853,469,146,30,0
1836,1994,1546,86,189,5,2
3894,823,1350,1180,182,18,3
2944,1908,1046,140,111,30,3
3424,790,1437,1100,89,44,3
2678,1330,892,194,177,40,2
2424,1660,569,440,100,15,2
2671,1776,1803,1563,82,20,3
3078,1611,1011,163,199,27,2
2304,1410,1311,192,92,15,2
1146,1772,1405,837,159,45,1
2335,1280,588,356,108,39,1
1422,1712,663,155,155,23,1
2096,1562,1776,1032,140,55,2
1303,891,1435,40,153,18,0
1115,1957,1727,1194,151,36,1
456,1110,1262,1179,192,42,0
3396,875,969,902,104,43,3
2750,1211,963,58,130,28,2
941,769,1780,1385,112,54,0
2278,671,1617,614,95,2,2
2273,1872,1088,672,172,26,2
2355,1076,1718,1088,191,14,2
2328,1325,695,499,146,50,2
2638,911,763,157,182,28,1
558,1273,1399,485,178,23,0
1345,1062,817,571,124,39,0
425,1317,542,431,154,12,0
2192,940,1090,499,115,16,1
3397,729,1055,563,135,14,2
1208,1494,1003,944,93,3,1
267,1546,1491,1138,124,27,0
3518,1253,647,161,113,34,3
3122,895,1575,126,164,16,2
1050,793,1196,15,124,43,0
3358,1628,1713,500,136,56,3
2929,625,1771,203,138,42,2
624,1110,1950,961,153,12,0
1598,999,1970,608,132,49,1
2052,1856,1155,277,155,24,2
1249,1715,1849,114,120,15,1
412,1897,738,630,154,54,0
595,1202,1742,404,122,19,0
263,1171,755,248,167,19,0
2577,964,1234,225,86,22,2
639,1973,851,699,193,46,0
3206,1992,895,649,141,2,3
1550,546,1658,416,159,26,1
1646,1093,1420,1310,171,31,1
1930,1880,1983,930,200,35,2
3695,1765,1175,835,87,11,3
3235,1640,1806,664,87,36,3
2334,1830,1583,460,191,7,2
1998,826,1615,778,187,62,1
2258,1864,1545,225,142,7,2
1869,586,1118,785,121,42,1
1825,1206,1713,1581,127,30,2
3946,832,1944,9,165,5,3
436,848,1294,7,103,8,0
2678,1851,1175,174,112,53,2
3887,1166,638,437,80,59,3
1813,1776,623,278,172,35,1
817,1254,1372,1288,134,27,0
3614,1494,1190,979,101,24,3
2013,984,1931,56,119,39,1
543,1179,1429,913,154,5,0
3400,513,710,282,174,27,2
2623,557,710,322,89,17,1
2700,744,1963,1252,105,33,2
1400,1129,1702,1128,116,21,1
3127,1148,688,606,170,58,2
2803,1793,1459,655,175,44,3
2518,1310,970,954,150,15,2
3564,1604,1042,68,191,6,3
2515,1676,1197,134,145,37,2
3654,1001,1836,922,117,40,3
3930,1086,1976,1874,135,24,3
3476,1986,599,251,89,39,3
3242,634,1853,1362,192,41,3
2666,502,1159,281,82,52,2
1695,1641,1994,224,97,48,2
3510,623,844,778,189,15,2
3438,962,1424,546,161,17,3
2033,1057,891,397,97,41,1
1017,1862,1046,386,182,62,1
1686,555,1970,214,193,38,1
862,1000,833,461,135,58,0
957,841,675,125,81,11,0
3494,865,1009,335,89,16,3
3083,999,1641,342,165,56,2
1656,1232,761,625,131,30,1
313,1194,509,494,165,34,0
3282,612,1487,1145,179,20,3
3629,1362,1042,600,186,47,3
1687,1469,711,484,169,44,1
1149,986,679,199,182,28,0
3899,1843,832,21,104,62,3
1783,1561,1811,885,134,4,2
1629,1695,1208,308,189,47,1
2528,667,1947,1015,185,8,2
3256,1768,1814,1303,88,2,3
2341,1269,1036,406,180,41,2
2785,1109,833,124,151,57,2
3761,936,1677,150,164,14,3
1513,1713,1963,108,199,5,1
2240,1175,557,90,167,45,1
820,1940,1809,588,194,5,1
1875,855,1196,1028,159,59,1
920,771,1247,776,157,33,0
3615,645,584,278,174,63,2
1412,1307,1103,897,88,7,1
361,1948,700,651,136,5,0
1540,1509,1684,1010,81,50,1
1077,626,1759,737,109,11,0
3610,1190,1646,1399,93,40,3
512,1727,1288,376,158,57,0
3024,1670,1330,1117,114,62,3
1610,1150,1947,234,134,27,1
2201,1208,1028,691,175,16,1
3338,1812,1550,380,162,42,3
3473,770,1483,603,196,61,3
2203,1559,681,117,114,10,1
940,1902,877,766,155,13,1
1155,1751,1952,1499,146,4,1
3872,1416,1578,1175,93,20,3
1882,1288,1503,988,115,61,2
1798,1003,1905,190,119,16,1
2598,1715,1375,674,96,18,3
1567,1967,1374,518,199,46,1
1491,962,1916,1618,125,2,1
2003,1487,989,857,120,42,2
3905,1569,665,371,190,54,3
291,1146,583,73,111,57,0
1693,1379,755,98,118,9,1
1788,1504,1853,395,152,25,1
3322,1945,1540,1064,112,26,3
1751,1630,1726,712,80,32,2
1641,1125,939,774,117,23,1
2854,614,1040,1012,178,51,2
3115,854,1148,730,101,17,2
3259,1470,1090,777,121,45,3
1612,1826,1633,973,172,49,2
2319,807,829,245,127,37,1
1258,1996,1083,937,138,7,1
1543,1083,1164,937,158,41,1
3991,1035,1171,574,178,49,3
3555,1521,1630,678,143,62,3
3411,1314,512,82,87,5,3
524,535,1775,398,190,24,0
3541,673,1570,1096,142,35,3
1998,1219,1698,1419,169,4,2
3437,1606,770,157,200,33,3
1637,1603,1207,430,114,17,1
3064,1958,1848,1524,153,52,3
2855,695,1829,1649,196,12,2
1393,1441,954,254,106,53,1
1633,1470,1988,1790,138,33,2
2392,1890,1832,1438,127,48,3
3284,1152,1673,1304,82,26,3
464,1619,1180,813,117,20,0
1234,1002,1007,948,180,45,0
292,742,1288,1161,139,36,0
2521,1306,1258,867,174,33,2
2658,1424,1199,181,180,20,2
587,942,1532,754,91,27,0
2190,1934,1127,242,118,2,2
879,1290,742,405,110,35,0
1743,930,1763,1569,80,54,2
1181,1699,1099,105,156,21,1
3330,1849,1986,978,181,29,3
3564,1922,1882,725,153,42,3
562,548,1657,657,146,56,0
1659,916,1393,1147,82,47,1
1816,1783,1566,910,183,14,2
1338,1083,503,295,156,49,0
2992,1698,508,26,131,7,2
315,1969,764,332,85,7,0
3249,869,533,519,197,2,2
3242,1337,1029,161,200,5,2
2725,637,1289,1080,194,28,2
586,833,1290,649,145,27,0
2454,1248,1686,71,89,9,2
804,1174,1244,744,147,30,0
2460,1831,1113,437,148,44,2
1295,1002,1111,115,146,27,0
2625,1010,957,547,139,8,2
1999,1117,1035,495,177,21,1
2698,990,1717,1466,153,15,2
3742,1564,1115,117,129,26,3
1193,1065,1722,760,158,21,1
3511,1982,1873,764,129,24,3
885,1607,1005,776,192,20,0
1044,1066,1504,53,167,5,0
2548,681,1702,371,194,17,2
2940,1163,818,728,132,19,2
3966,1285,1896,1791,199,11,3
3484,753,1316,606,121,48,3
1246,1779,1717,1225,90,5,1
2757,987,736,419,83,52,2
2378,511,1264,367,136,24,1
1794,1044,1263,1230,104,12,1
3933,1855,1161,267,187,32,3
1637,946,891,273,186,26,0
783,657,1905,705,110,21,0
3094,1673,679,214,182,42,2
1774,731,1032,424,130,28,1
256,926,793,84,161,59,0
1365,1261,1429,605,86,52,1
2339,618,1586,1175,188,45,2
2049,936,938,657,129,57,1
3241,1485,1023,371,158,28,3
867,1339,1441,833,80,21,0
2175,508,1195,102,82,50,1
3497,1938,1935,1299,121,44,3
609,995,1889,258,104,10,0
3285,1086,1150,56,111,43,2
3684,1322,708,443,157,35,3
3586,1864,1793,1279,181,57,3
2322,1944,712,313,92,26,2
354,581,565,523,180,56,0
3204,1020,1482,919,128,27,3
1400,1936,1021,570,139,44,1
2308,1329,682,380,198,23,1
1082,808,529,119,105,46,0
3104,994,839,296,164,40,2
2847,1811,614,358,82,22,2
2256,765,1851,1364,88,44,2
1113,993,1639,424,106,16,0
3210,1136,1030,961,150,32,3
3990,719,1727,431,113,23,3
984,733,1739,950,105,63,0
3117,1946,1849,647,123,8,3
1622,1230,1963,1960,111,48,2
2967,1577,1432,116,105,64,3
1037,1514,538,306,138,12,0
2908,579,1517,808,89,7,2
1167,574,1334,94,126,30,0
2715,1072,877,380,114,19,2
1734,843,732,593,119,16,1
2259,1492,1746,1684,85,11,3
2921,1807,1415,1221,125,16,3
1244,909,1643,410,146,47,0
3132,1876,1211,600,98,64,3
2488,1436,1411,189,106,23,2
1052,1251,591,308,133,29,0
2927,636,742,148,152,28,2
2090,1354,918,297,136,26,1
2131,930,1726,1050,190,34,2
3362,1830,1882,1191,117,47,3
1053,1424,1663,1399,80,23,1
1799,583,1794,1658,88,51,1
3124,648,1817,1153,109,54,3
1672,1203,510,35,109,11,0
1552,1777,874,553,100,15,1
1938,1299,908,46,83,64,1
3202,1494,1177,207,129,47,3
1302,527,1924,67,128,53,0
2296,793,1006,818,179,64,1
575,873,1411,1257,152,8,0
2359,722,1371,138,93,12,1
3314,1250,1020,11,167,20,2
440,1358,1635,889,147,60,0
2002,1035,1709,831,173,11,1
3167,1289,1854,713,161,16,3
3480,1445,1393,527,82,37,3
595,1702,1643,1284,107,47,1
2466,534,1220,911,85,2,2
1337,628,1534,1047,87,60,1
1462,713,1477,123,98,53,0
503,1207,681,406,112,58,0
2066,683,1135,927,197,30,1
708,594,528,407,196,27,0
2029,537,1430,1041,103,55,1
308,1565,1364,781,121,38,0
552,1052,1839,1191,195,6,0
2082,713,1760,103,89,63,1
3314,1766,1227,125,141,16,3
3996,584,1343,919,199,19,3
1795,1541,1656,536,109,5,1
594,837,1831,638,104,51,0
2473,935,1087,639,155,58,2
690,665,1804,496,185,31,0
3845,680,1418,686,157,34,3
2004,877,1985,1064,195,17,1
2083,1493,1414,240,102,53,2
2661,1762,704,525,83,26,2
1903,842,730,348,124,57,1
2466,925,1520,1262,196,56,2
3779,1692,1904,1899,106,2,3
3904,1576,789,258,139,5,3
265,1065,1948,1188,162,48,0
1417,958,751,730,200,60,0
1769,623,1238,484,197,26,1
2948,897,1852,547,171,17,2
2572,1110,1455,800,152,41,2
3267,616,513,347,150,21,2
1459,1680,1231,679,168,37,1
1633,1715,1676,1224,94,12,2
2052,983,1205,948,130,45,1
1086,720,1234,366,165,14,0
2402,1660,1777,223,169,24,2
3376,1564,1962,1619,108,42,3
1507,592,970,332,103,52,0
641,969,909,167,158,44,0
3451,1356,951,782,131,35,3
1607,504,1129,881,189,14,0
3521,1546,1317,91,101,6,3
1241,689,722,487,147,7,0
881,1685,1429,120,137,16,0
2563,1792,1913,1626,170,62,3
3033,1786,865,74,123,61,3
769,1944,1079,634,132,59,0
3454,1077,1079,334,131,49,3
819,648,1811,931,195,60,0
435,1702,1351,921,185,2,0
586,1571,956,805,150,30,0
650,856,1931,1057,125,19,0
3038,1786,912,616,115,14,3
3736,914,840,740,198,60,3
2948,1615,678,542,117,9,2
739,649,1551,344,190,19,0
686,1646,1608,211,200,25,0
841,1189,615,79,164,7,0
1183,1043,893,887,83,29,0
3943,1920,1152,670,131,19,3
1037,1220,1249,383,109,54,0
2633,1748,1109,718,114,53,2
3911,907,896,144,160,44,3
1958,1193,1904,1442,158,20,2
3297,1766,1318,291,122,22,3
3141,1278,1775,1352,170,24,3
3351,1234,725,209,174,17,2
2355,1961,1888,861,100,55,3
1308,1745,1629,426,105,3,1
991,1442,642,266,127,27,0
3248,1083,542,523,173,39,2
1519,868,1311,40,137,5,0
493,864,1436,262,88,53,0
1747,1142,769,623,114,2,1
2517,608,1351,4,94,64,1
1389,983,1176,1001,187,53,1
2522,1720,896,334,188,2,2
1885,1802,963,453,116,27,2
704,591,1726,952,196,16,0
953,1205,1870,321,163,10,0
3206,1369,1469,1451,108,28,3
928,713,1123,1048,94,42,0
2177,1082,724,398,101,2,1
2610,1719,520,417,187,52,2
489,1544,844,470,186,12,0
3839,1090,1670,1217,128,8,3
1861,1991,1037,298,181,15,1
299,1367,642,36,176,56,0
340,1179,1451,85,182,32,0
3606,721,1255,655,102,15,3
799,1549,990,167,91,62,0
2367,1349,623,212,134,46,1
445,1799,1386,617,123,30,0
3927,1075,1769,271,122,11,3
3756,684,1738,159,157,63,3
770,1837,872,786,162,36,0
1641,1619,562,46,138,21,1
2343,965,1275,645,197,13,2
2787,730,1677,1371,122,9,2
2495,1361,1382,881,169,47,2
3208,1494,790,449,158,45,3
1234,1027,534,338,146,18,0
1069,1807,1814,1332,97,38,1
3568,709,1531,119,130,11,3
3585,689,823,256,103,45,3
1974,955,1254,428,155,2,1
2419,1872,1879,1546,111,35,3
340,1259,1989,1210,97,13,0
2282,695,1211,789,169,41,1
298,1969,756,390,132,63,0
968,759,1317,110,162,39,0
2391,936,1686,1330,153,18,2
1534,1176,1455,674,168,62,1
696,1802,590,253,101,10,0
2782,772,1805,317,97,23,2
755,1318,661,183,136,45,0
3746,591,1603,892,90,16,3
2651,569,605,388,124,41,1
1341,764,539,52,124,45,0
2651,1056,979,914,101,37,2
1824,1982,593,287,80,12,1
1905,1830,1353,773,160,14,2
1456,1122,1163,675,156,40,1
3155,1023,1985,367,153,63,3
773,1283,980,510,93,33,0
1829,1602,1800,1325,99,35,2
3883,732,1836,1661,163,32,3
1675,1854,718,665,195,33,1
1601,718,997,662,93,30,1
1958,897,994,0,154,2,1
2376,1405,1036,284,107,8,2
1647,798,1951,661,110,21,1
3548,1035,1912,757,157,40,3
2694,1396,1177,560,134,37,2
2195,1749,775,470,178,49,2
2506,1588,822,146,148,4,2
2073,1600,1710,1315,94,16,2
3767,1522,1696,533,162,21,3
1150,1279,1633,560,105,7,1
841,719,1141,405,102,6,0
1675,544,610,227,129,7,0
1301,1007,831,479,185,21,0
1817,590,509,227,141,32,0
2321,1788,1022,149,141,6,2
1974,748,709,88,110,25,1
3433,757,819,114,157,64,2
1205,1561,874,662,174,27,1
872,1327,1721,441,89,23,0
2052,797,1466,888,81,18,1
3654,727,711,664,193,64,3
1503,686,745,64,194,36,0
3104,1515,1247,747,176,24,3
343,555,1010,956,163,17,0
3430,1589,1397,776,112,5,3
2470,1976,1933,652,136,45,3
1396,1884,1179,1168,149,24,1
2668,1063,582,201,86,27,2
1457,672,1127,724,194,61,0
2452,635,1299,599,110,16,2
1871,1906,629,3,113,55,1
1112,1753,1983,1652,191,40,1
967,659,657,190,85,3,0
2498,1583,1673,1171,148,14,2
387,1783,1979,1081,104,42,1
635,1667,1396,1211,138,21,0
2711,640,1353,976,143,6,2
2023,1913,742,675,111,29,2
2215,538,537,455,163,25,1
824,1191,807,42,89,46,0
3851,816,1651,1196,117,9,3
2156,915,986,503,199,33,1
2885,1157,1798,1694,88,27,3
495,1201,558,306,99,10,0
2358,1379,885,838,129,18,2
1744,1483,651,291,169,53,1
1832,1614,1219,173,161,9,1
2016,930,1289,1017,144,4,1
1300,1454,1018,698,199,6,1
2313,1784,1437,610,164,41,2
3248,1262,737,223,149,34,2
2216,797,1167,206,144,37,1
3142,1829,1919,1457,91,59,3
1850,1139,999,742,161,58,1
1424,618,724,591,80,13,0
1620,1547,957,347,114,57,1
2592,586,854,241,83,15,1
296,1617,1426,743,85,36,0
3579,1882,743,4,113,44,3
1180,674,1809,576,198,21,0
3962,1467,1099,888,122,18,3
3978,858,1416,528,84,50,3
668,794,1890,1222,106,2,0
2032,1965,1965,915,187,39,2
3057,1911,1632,868,108,36,3
869,1512,670,336,145,46,0
3919,510,754,483,168,45,3
